{"accuracy": 0.20343580470162748, "tag_accuracy": {"O": 0.961249485384932, "B-misc": 0.01878415300546448, "I-misc": 0.0005945303210463733, "B-person": 0.7468085106382979, "I-person": 0.002364066193853428, "B-organisation": 0.5714285714285714, "I-organisation": 0.006224066390041493, "B-location": 0.48292682926829267, "I-location": 0.0}, "precision": 0.3835097453301745, "recall": 0.20343580470162748, "f1": 0.1451432699123348, "span_f1": 0.06406685236768804}