{"accuracy": 0.5427051246149538, "tag_accuracy": {"O": 0.9703831387604795, "B-location": 0.6754966887417219, "B-person": 0.6732673267326733, "I-person": 0.0017301038062283738, "I-location": 0.0, "B-misc": 0.5809248554913294, "I-misc": 0.0, "B-organisation": 0.7601208459214501, "I-organisation": 0.004767580452920143}, "precision": 0.4964413072433607, "recall": 0.5427051246149538, "f1": 0.46729261790762855, "span_f1": 0.3861879650364805}