{"accuracy": 0.13862531821337654, "tag_accuracy": {"O": 0.9652910550930964, "B-person": 0.668918918918919, "I-person": 0.0, "B-location": 0.44040697674418605, "I-location": 0.0, "B-misc": 0.05798922800718133, "I-misc": 0.0007623888182973316, "B-organisation": 0.48158640226628896, "I-organisation": 0.0}, "precision": 0.378208897910738, "recall": 0.13862531821337654, "f1": 0.10723900305330218, "span_f1": 0.07669581659182226}