{"accuracy": 0.10885761589403974, "tag_accuracy": {"O": 0.9751201463020457, "B-location": 0.3694412770809578, "I-location": 0.0, "B-misc": 0.03888677087304613, "I-misc": 0.001067378252168112, "B-person": 0.66875, "I-person": 0.0, "B-organisation": 0.37894736842105264, "I-organisation": 0.0030959752321981426}, "precision": 0.528197612315002, "recall": 0.10885761589403974, "f1": 0.0978063842069557, "span_f1": 0.06568736141906874}