{"accuracy": 0.18510585715462557, "tag_accuracy": {"O": 0.9713278744998277, "B-misc": 0.13059360730593608, "I-misc": 9.617234083477592e-05, "B-location": 0.3649717514124294, "B-person": 0.6697247706422018, "B-organisation": 0.4005474452554745, "I-organisation": 0.0028503562945368173, "I-location": 0.0, "I-person": 0.0032102728731942215}, "precision": 0.3598072914486785, "recall": 0.18510585715462557, "f1": 0.14738885810025545, "span_f1": 0.093741533459767}