{"accuracy": 0.11229822320288003, "tag_accuracy": {"O": 0.9528325430496631, "B-misc": 0.03971048513302034, "I-misc": 0.00035874439461883406, "B-location": 0.2743764172335601, "B-person": 0.6875, "I-person": 0.002257336343115124, "I-location": 0.0, "B-organisation": 0.4588938714499253, "I-organisation": 0.0018495684340320592}, "precision": 0.3265314969050682, "recall": 0.11229822320288003, "f1": 0.07306287683599212, "span_f1": 0.038317418107095366}