{"accuracy": 0.4533582089552239, "tag_accuracy": {"O": 0.985384932070811, "B-misc": 0.02698087431693989, "I-misc": 0.0014863258026159335, "B-person": 0.27872340425531916, "I-person": 0.29314420803782504, "B-organisation": 0.15331010452961671, "I-organisation": 0.4107883817427386, "B-location": 0.6097560975609756, "I-location": 0.22772277227722773}, "precision": 0.5045976143266578, "recall": 0.4533582089552239, "f1": 0.3839413610955672, "span_f1": 0.11304525906205204}