{"accuracy": 0.8292488543534569, "tag_accuracy": {"O": 0.9871503564992556, "B-location": 0.7248645394340758, "B-person": 0.4152227722772277, "I-person": 0.47145328719723184, "I-location": 0.4752851711026616, "B-misc": 0.523121387283237, "I-misc": 0.5336322869955157, "B-organisation": 0.402416918429003, "I-organisation": 0.5601907032181168}, "precision": 0.8297327102555574, "recall": 0.8292488543534569, "f1": 0.8272681139211447, "span_f1": 0.5690111052353252}