{"accuracy": 0.5146493756003843, "tag_accuracy": {"O": 0.9851457481542489, "B-person": 0.24635871826883063, "I-person": 0.2641242937853107, "B-location": 0.46511627906976744, "I-location": 0.1705607476635514, "B-misc": 0.05746209098164405, "I-misc": 0.01744467775803586, "B-organisation": 0.12181303116147309, "I-organisation": 0.35060975609756095}, "precision": 0.66405330368584, "recall": 0.5146493756003843, "f1": 0.515673195771993, "span_f1": 0.16618616144975287}