{"accuracy": 0.3132628152969894, "tag_accuracy": {"O": 0.9872411006677158, "B-location": 0.4412770809578107, "I-location": 0.15789473684210525, "B-misc": 0.03382663847780127, "I-misc": 0.007111935683364255, "B-organisation": 0.04821037253469686, "B-person": 0.2, "I-person": 0.18699186991869918, "I-organisation": 0.21040047818290497}, "precision": 0.5210473405506874, "recall": 0.3132628152969894, "f1": 0.2918157716648824, "span_f1": 0.10702113156100887}