{"accuracy": 0.36137042569081407, "tag_accuracy": {"O": 0.9752762540742508, "B-misc": 0.1443127962085308, "I-misc": 0.026522911051212936, "B-person": 0.2970141435306443, "I-person": 0.3258877434135166, "B-location": 0.3813559322033898, "B-organisation": 0.20437956204379562, "I-organisation": 0.38954869358669836, "I-location": 0.21904761904761905}, "precision": 0.5960597999937354, "recall": 0.36137042569081407, "f1": 0.3072942719323071, "span_f1": 0.2005826050769871}