{"accuracy": 0.584698227507292, "tag_accuracy": {"O": 0.9842062105600913, "B-misc": 0.03469704816157431, "I-misc": 0.015364916773367477, "B-person": 0.3136557610241821, "I-person": 0.3126308443824145, "B-location": 0.3492063492063492, "I-location": 0.09253731343283582, "B-organisation": 0.2457200402819738, "I-organisation": 0.475238922675934}, "precision": 0.6294007348823535, "recall": 0.584698227507292, "f1": 0.5499038964050557, "span_f1": 0.1370822041553749}